{"lr": 0.0005, "data_time": 0.005602478981018066, "loss": 0.17896013259887694, "decode.loss_ce": 0.047769831493496895, "decode.loss_dice": 0.04304309785366058, "decode.acc_seg": 98.56719970703125, "aux.loss_ce": 0.04653040133416653, "aux.loss_dice": 0.04161680415272713, "aux.acc_seg": 98.553466796875, "time": 0.5294677019119263, "iter": 25, "memory": 19184, "step": 25}
