{"lr": 0.01, "data_time": 0.0057294368743896484, "loss": 0.924786913394928, "decode.loss_focal": 0.07895228266716003, "decode.loss_dice": 0.38641823530197145, "decode.acc_seg": 95.03021240234375, "aux.loss_focal": 0.07542230784893036, "aux.loss_dice": 0.3839940994977951, "aux.acc_seg": 95.03021240234375, "time": 0.5306476831436158, "iter": 25, "memory": 19184, "step": 25}
{"aAcc": 89.26, "mDice": 31.44, "mAcc": 33.33, "data_time": 0.018002144495646157, "time": 0.07601324717203777, "step": 1}
{"lr": 0.009954807722519414, "data_time": 0.006278204917907715, "loss": 0.8917548716068268, "decode.loss_focal": 0.08089810349047184, "decode.loss_dice": 0.37406534850597384, "decode.acc_seg": 95.5963134765625, "aux.loss_focal": 0.06681340783834458, "aux.loss_dice": 0.36997800767421724, "aux.acc_seg": 95.5963134765625, "time": 0.17172517776489257, "iter": 50, "memory": 4420, "step": 50}
{"aAcc": 89.26, "mDice": 31.44, "mAcc": 33.33, "data_time": 0.030848562717437744, "time": 0.08632931113243103, "step": 2}
{"lr": 0.009909592614789622, "data_time": 0.005817890167236328, "loss": 0.8273710131645202, "decode.loss_focal": 0.051910871639847755, "decode.loss_dice": 0.36457631587982176, "decode.acc_seg": 88.24462890625, "aux.loss_focal": 0.05034448988735676, "aux.loss_dice": 0.36053934395313264, "aux.acc_seg": 88.24462890625, "time": 0.17084715366363526, "iter": 75, "memory": 4420, "step": 75}
{"aAcc": 89.26, "mDice": 31.44, "mAcc": 33.33, "data_time": 0.009259536862373352, "time": 0.06506744027137756, "step": 3}
{"lr": 0.009864354549298621, "data_time": 0.005693364143371582, "loss": 0.8073586136102676, "decode.loss_focal": 0.04829231537878513, "decode.loss_dice": 0.3560517758131027, "decode.acc_seg": 82.2967529296875, "aux.loss_focal": 0.050058746337890626, "aux.loss_dice": 0.35295577347278595, "aux.acc_seg": 82.2967529296875, "time": 0.17115325927734376, "iter": 100, "memory": 4420, "step": 100}
{"aAcc": 89.26, "mDice": 31.44, "mAcc": 33.33, "data_time": 0.025728031992912292, "time": 0.08109459280967712, "step": 4}
{"lr": 0.009819093397167846, "data_time": 0.005723786354064941, "loss": 0.8027266919612884, "decode.loss_focal": 0.0420001370832324, "decode.loss_dice": 0.3620248049497604, "decode.acc_seg": 83.660888671875, "aux.loss_focal": 0.04092019684612751, "aux.loss_dice": 0.35778156518936155, "aux.acc_seg": 83.660888671875, "time": 0.17135889530181886, "iter": 125, "memory": 4420, "step": 125}
{"aAcc": 89.26, "mDice": 31.44, "mAcc": 33.33, "data_time": 0.009456738829612732, "time": 0.06504486501216888, "step": 5}
{"lr": 0.00977380902813043, "data_time": 0.006694316864013672, "loss": 0.660253930091858, "decode.loss_focal": 0.03387784333899617, "decode.loss_dice": 0.29699456691741943, "decode.acc_seg": 93.6126708984375, "aux.loss_focal": 0.033207941055297854, "aux.loss_dice": 0.2961735874414444, "aux.acc_seg": 93.6126708984375, "time": 0.17297039031982422, "iter": 150, "memory": 4420, "step": 150}
{"aAcc": 89.26, "mDice": 31.44, "mAcc": 33.33, "data_time": 0.01525445282459259, "time": 0.07146663963794708, "step": 6}
{"lr": 0.00972850131050902, "data_time": 0.005714130401611328, "loss": 0.678879976272583, "decode.loss_focal": 0.03651604782789945, "decode.loss_dice": 0.30434211790561677, "decode.acc_seg": 98.63128662109375, "aux.loss_focal": 0.03620952609926462, "aux.loss_dice": 0.3018122911453247, "aux.acc_seg": 98.63128662109375, "time": 0.17186837196350097, "iter": 175, "memory": 4420, "step": 175}
{"aAcc": 89.26, "mDice": 31.44, "mAcc": 33.33, "data_time": 0.009886309504508972, "time": 0.06596964597702026, "step": 7}
{"lr": 0.009683170111193117, "data_time": 0.005772042274475098, "loss": 0.7779776155948639, "decode.loss_focal": 0.04188547804951668, "decode.loss_dice": 0.3482099324464798, "decode.acc_seg": 80.79833984375, "aux.loss_focal": 0.04228170607239008, "aux.loss_dice": 0.34560050070285797, "aux.acc_seg": 80.79833984375, "time": 0.17177631855010986, "iter": 200, "memory": 4420, "step": 200}
{"aAcc": 89.26, "mDice": 31.44, "mAcc": 33.33, "data_time": 0.025028973817825317, "time": 0.08046114444732666, "step": 8}
{"lr": 0.009637815295615923, "data_time": 0.005970096588134766, "loss": 0.7201899230480194, "decode.loss_focal": 0.039180699922144416, "decode.loss_dice": 0.3211920440196991, "decode.acc_seg": 93.4600830078125, "aux.loss_focal": 0.03887714557349682, "aux.loss_dice": 0.32094002366065977, "aux.acc_seg": 93.4600830078125, "time": 0.17274305820465088, "iter": 225, "memory": 4420, "step": 225}
{"aAcc": 89.26, "mDice": 31.44, "mAcc": 33.33, "data_time": 0.009257107973098755, "time": 0.06508862972259521, "step": 9}
{"lr": 0.009592436727730708, "data_time": 0.006054282188415527, "loss": 0.7694189548492432, "decode.loss_focal": 0.04189162347465754, "decode.loss_dice": 0.34524557888507845, "decode.acc_seg": 87.18719482421875, "aux.loss_focal": 0.03978557400405407, "aux.loss_dice": 0.3424961805343628, "aux.acc_seg": 87.18719482421875, "time": 0.17251219749450683, "iter": 250, "memory": 4420, "step": 250}
{"aAcc": 89.26, "mDice": 31.44, "mAcc": 33.33, "data_time": 0.026471614837646484, "time": 0.08243824541568756, "step": 10}
{"lr": 0.009547034269986647, "data_time": 0.005682992935180664, "loss": 0.6438736170530319, "decode.loss_focal": 0.03300065668299794, "decode.loss_dice": 0.2912457287311554, "decode.acc_seg": 98.03466796875, "aux.loss_focal": 0.03166975295171141, "aux.loss_dice": 0.2879574865102768, "aux.acc_seg": 98.03466796875, "time": 0.17248446941375734, "iter": 275, "memory": 4420, "step": 275}
{"aAcc": 89.26, "mDice": 31.44, "mAcc": 33.33, "data_time": 0.00915190577507019, "time": 0.06529194116592407, "step": 11}
{"lr": 0.00950160778330415, "data_time": 0.005668783187866211, "loss": 0.6203222572803497, "decode.loss_focal": 0.03309323787689209, "decode.loss_dice": 0.28088348507881167, "decode.acc_seg": 97.70050048828125, "aux.loss_focal": 0.02996811391785741, "aux.loss_dice": 0.2763774245977402, "aux.acc_seg": 97.70050048828125, "time": 0.1724160671234131, "iter": 300, "memory": 4420, "step": 300}
{"aAcc": 89.26, "mDice": 31.44, "mAcc": 33.33, "data_time": 0.027173534035682678, "time": 0.08335185050964355, "step": 12}
{"lr": 0.00945615712704964, "data_time": 0.0058334112167358395, "loss": 0.7493337035179138, "decode.loss_focal": 0.042310397140681744, "decode.loss_dice": 0.3342616468667984, "decode.acc_seg": 89.39056396484375, "aux.loss_focal": 0.041428332775831224, "aux.loss_dice": 0.3313333332538605, "aux.acc_seg": 89.39056396484375, "time": 0.17263402938842773, "iter": 325, "memory": 4420, "step": 325}
{"aAcc": 89.26, "mDice": 31.44, "mAcc": 33.33, "data_time": 0.009966343641281128, "time": 0.06581306457519531, "step": 13}
{"lr": 0.009410682159009792, "data_time": 0.006060957908630371, "loss": 0.6660186409950256, "decode.loss_focal": 0.03348666867241264, "decode.loss_dice": 0.30001409351825714, "decode.acc_seg": 94.54193115234375, "aux.loss_focal": 0.033155718352645636, "aux.loss_dice": 0.2993621647357941, "aux.acc_seg": 94.54193115234375, "time": 0.17379975318908691, "iter": 350, "memory": 4420, "step": 350}
{"aAcc": 89.26, "mDice": 31.44, "mAcc": 33.33, "data_time": 0.014287590980529785, "time": 0.07016554474830627, "step": 14}
{"lr": 0.00936518273536519, "data_time": 0.006045222282409668, "loss": 0.6960599780082702, "decode.loss_focal": 0.03611564822494984, "decode.loss_dice": 0.31270910799503326, "decode.acc_seg": 94.3939208984375, "aux.loss_focal": 0.03568760417401791, "aux.loss_dice": 0.31154762506484984, "aux.acc_seg": 94.3939208984375, "time": 0.17300891876220703, "iter": 375, "memory": 4420, "step": 375}
{"aAcc": 89.26, "mDice": 31.44, "mAcc": 33.33, "data_time": 0.00934574007987976, "time": 0.06538388133049011, "step": 15}
