{"lr": 0.0002, "data_time": 0.005962562561035156, "loss": 0.4803622305393219, "decode.loss_tversky": 0.4367778331041336, "decode.loss_dice": 0.04358440116047859, "decode.acc_seg": 94.40631866455078, "time": 0.1798698663711548, "iter": 36, "memory": 19183, "step": 36}
{"aAcc": 91.46, "mDice": 58.65, "mAcc": 56.01, "data_time": 0.014644130071004232, "time": 0.07142308553059896, "step": 1}
{"lr": 0.00019818999200656468, "data_time": 0.006585812568664551, "loss": 0.46371345818042753, "decode.loss_tversky": 0.4204286277294159, "decode.loss_dice": 0.04328483119606972, "decode.acc_seg": 96.2921142578125, "time": 0.18166086673736573, "iter": 72, "memory": 4434, "step": 72}
{"aAcc": 91.01, "mDice": 59.79, "mAcc": 59.2, "data_time": 0.010246172547340393, "time": 0.06646114587783813, "step": 2}
{"lr": 0.00019637813608986673, "data_time": 0.005880928039550782, "loss": 0.4831395894289017, "decode.loss_tversky": 0.4315419733524323, "decode.loss_dice": 0.05159761607646942, "decode.acc_seg": 93.41049194335938, "time": 0.18017232418060303, "iter": 108, "memory": 4434, "step": 108}
{"aAcc": 92.17, "mDice": 67.19, "mAcc": 66.29, "data_time": 0.009823024272918701, "time": 0.06560488045215607, "step": 3}
{"lr": 0.0001945644112825302, "data_time": 0.006659889221191406, "loss": 0.46382815539836886, "decode.loss_tversky": 0.41236410439014437, "decode.loss_dice": 0.051464053243398665, "decode.acc_seg": 95.0246810913086, "time": 0.18163983821868895, "iter": 144, "memory": 4434, "step": 144}
{"aAcc": 89.15, "mDice": 61.89, "mAcc": 67.26, "data_time": 0.009535133838653564, "time": 0.06541949510574341, "step": 4}
{"lr": 0.0001927487961582546, "data_time": 0.005910658836364746, "loss": 0.5475249320268631, "decode.loss_tversky": 0.47584412395954134, "decode.loss_dice": 0.07168080881237984, "decode.acc_seg": 90.06462097167969, "time": 0.18098163604736328, "iter": 180, "memory": 4434, "step": 180}
{"aAcc": 86.67, "mDice": 59.09, "mAcc": 66.92, "data_time": 0.009957775473594666, "time": 0.06623587012290955, "step": 5}
{"lr": 0.00019093126881683043, "data_time": 0.006023597717285156, "loss": 0.5025735586881638, "decode.loss_tversky": 0.43284080922603607, "decode.loss_dice": 0.06973275765776635, "decode.acc_seg": 92.44327545166016, "time": 0.18225369453430176, "iter": 216, "memory": 4434, "step": 216}
{"aAcc": 91.35, "mDice": 61.91, "mAcc": 61.4, "data_time": 0.009365871548652649, "time": 0.06553225219249725, "step": 6}
{"lr": 0.000189111806868501, "data_time": 0.00607612133026123, "loss": 0.4820036470890045, "decode.loss_tversky": 0.42071776986122134, "decode.loss_dice": 0.061285878717899325, "decode.acc_seg": 91.90692901611328, "time": 0.18234732151031494, "iter": 252, "memory": 4434, "step": 252}
{"aAcc": 89.58, "mDice": 48.17, "mAcc": 54.11, "data_time": 0.008953854441642761, "time": 0.06518611311912537, "step": 7}
{"lr": 0.00018729038741763397, "data_time": 0.006522035598754883, "loss": 0.5634824275970459, "decode.loss_tversky": 0.4637782871723175, "decode.loss_dice": 0.09970414042472839, "decode.acc_seg": 90.5477523803711, "time": 0.1838862419128418, "iter": 288, "memory": 4434, "step": 288}
{"aAcc": 88.5, "mDice": 47.33, "mAcc": 44.64, "data_time": 0.026802629232406616, "time": 0.08279396593570709, "step": 8}
{"lr": 0.0001854669870456652, "data_time": 0.006250929832458496, "loss": 0.5030573904514313, "decode.loss_tversky": 0.4212856888771057, "decode.loss_dice": 0.0817716971039772, "decode.acc_seg": 90.03753662109375, "time": 0.18371689319610596, "iter": 324, "memory": 4434, "step": 324}
{"aAcc": 89.64, "mDice": 48.55, "mAcc": 49.76, "data_time": 0.009378805756568909, "time": 0.0655582845211029, "step": 9}
{"lr": 0.00018364158179327324, "data_time": 0.006116604804992676, "loss": 0.5215682804584503, "decode.loss_tversky": 0.4341604024171829, "decode.loss_dice": 0.08740788027644157, "decode.acc_seg": 88.51776123046875, "time": 0.1836371898651123, "iter": 360, "memory": 4434, "step": 360}
{"aAcc": 90.07, "mDice": 50.27, "mAcc": 46.28, "data_time": 0.008700788021087646, "time": 0.06501039862632751, "step": 10}
{"lr": 0.00018181414714174156, "data_time": 0.006621718406677246, "loss": 0.513516652584076, "decode.loss_tversky": 0.42267751395702363, "decode.loss_dice": 0.09083913937211037, "decode.acc_seg": 91.72534942626953, "time": 0.18484268188476563, "iter": 396, "memory": 4434, "step": 396}
{"aAcc": 89.54, "mDice": 50.55, "mAcc": 46.99, "data_time": 0.023937180638313293, "time": 0.08061131834983826, "step": 11}
{"lr": 0.00017998465799346134, "data_time": 0.006908154487609864, "loss": 0.5174752414226532, "decode.loss_tversky": 0.43304387032985686, "decode.loss_dice": 0.0844313733279705, "decode.acc_seg": 88.92383575439453, "time": 0.1859281301498413, "iter": 432, "memory": 4434, "step": 432}
{"aAcc": 89.74, "mDice": 48.3, "mAcc": 44.54, "data_time": 0.009355515241622925, "time": 0.06599792838096619, "step": 12}
{"lr": 0.0001781530886515256, "data_time": 0.0060119152069091795, "loss": 0.5501847386360168, "decode.loss_tversky": 0.45613746643066405, "decode.loss_dice": 0.09404726400971412, "decode.acc_seg": 89.36023712158203, "time": 0.184173583984375, "iter": 468, "memory": 4434, "step": 468}
{"aAcc": 89.71, "mDice": 46.64, "mAcc": 48.43, "data_time": 0.00882643461227417, "time": 0.06517790257930756, "step": 13}
{"lr": 0.00017631941279836055, "data_time": 0.00607452392578125, "loss": 0.541622057557106, "decode.loss_tversky": 0.4467104524374008, "decode.loss_dice": 0.09491160586476326, "decode.acc_seg": 93.29566955566406, "time": 0.18468666076660156, "iter": 504, "memory": 4434, "step": 504}
{"aAcc": 89.87, "mDice": 44.55, "mAcc": 43.12, "data_time": 0.009904161095619202, "time": 0.06666415929794312, "step": 14}
{"lr": 0.000174483603473338, "data_time": 0.005846357345581055, "loss": 0.4976394385099411, "decode.loss_tversky": 0.4099619448184967, "decode.loss_dice": 0.0876774899661541, "decode.acc_seg": 91.53785705566406, "time": 0.18435709476470946, "iter": 540, "memory": 4434, "step": 540}
{"aAcc": 89.42, "mDice": 36.18, "mAcc": 35.92, "data_time": 0.009219884872436523, "time": 0.0662379115819931, "step": 15}
{"lr": 0.00017264563304930682, "data_time": 0.006839489936828614, "loss": 0.5515443980693817, "decode.loss_tversky": 0.4541755735874176, "decode.loss_dice": 0.09736882299184799, "decode.acc_seg": 94.81277465820312, "time": 0.1858510971069336, "iter": 576, "memory": 4434, "step": 576}
{"aAcc": 89.93, "mDice": 42.7, "mAcc": 40.89, "data_time": 0.009797021746635437, "time": 0.06699612736701965, "step": 16}
{"lr": 0.00017080547320797815, "data_time": 0.005848217010498047, "loss": 0.500194376707077, "decode.loss_tversky": 0.4079380303621292, "decode.loss_dice": 0.09225634634494781, "decode.acc_seg": 91.16706848144531, "time": 0.18481686115264892, "iter": 612, "memory": 4434, "step": 612}
{"aAcc": 88.38, "mDice": 42.18, "mAcc": 41.95, "data_time": 0.008925527334213257, "time": 0.06601034104824066, "step": 17}
{"lr": 0.00016896309491409392, "data_time": 0.006670832633972168, "loss": 0.48832092583179476, "decode.loss_tversky": 0.40115287601947786, "decode.loss_dice": 0.08716805726289749, "decode.acc_seg": 90.45581817626953, "time": 0.1850123405456543, "iter": 648, "memory": 4434, "step": 648}
{"aAcc": 90.3, "mDice": 43.39, "mAcc": 41.06, "data_time": 0.009251877665519714, "time": 0.0661301463842392, "step": 18}
{"lr": 0.00016711846838830282, "data_time": 0.0064749479293823246, "loss": 0.5346054464578629, "decode.loss_tversky": 0.4459531307220459, "decode.loss_dice": 0.08865231797099113, "decode.acc_seg": 92.32158660888672, "time": 0.18603885173797607, "iter": 684, "memory": 4434, "step": 684}
{"aAcc": 89.95, "mDice": 42.94, "mAcc": 41.35, "data_time": 0.009447932243347168, "time": 0.06648282706737518, "step": 19}
{"lr": 0.00016527156307866227, "data_time": 0.00596468448638916, "loss": 0.4851864457130432, "decode.loss_tversky": 0.3936415433883667, "decode.loss_dice": 0.09154490530490875, "decode.acc_seg": 93.8486099243164, "time": 0.18519723415374756, "iter": 720, "memory": 4434,