{"lr": 0.0001, "data_time": 0.0058393716812133786, "loss": 0.4857557833194733, "decode.loss_ce": 0.18877603262662887, "decode.loss_dice": 0.092253939807415, "decode.acc_seg": 93.89000701904297, "aux.loss_focal": 0.020035498030483722, "aux.loss_dice": 0.18469031155109406, "aux.acc_seg": 93.80081939697266, "time": 0.17835726737976074, "iter": 24, "memory": 19184, "step": 24}
{"aAcc": 92.55, "mDice": 65.52, "mAcc": 61.48, "data_time": 0.015190998713175455, "time": 0.07049595514933268, "step": 1}
{"lr": 9.955214860154375e-05, "data_time": 0.0059397220611572266, "loss": 0.476436573266983, "decode.loss_ce": 0.18017832562327385, "decode.loss_dice": 0.09163497611880303, "decode.acc_seg": 91.22787475585938, "aux.loss_focal": 0.019658587593585252, "aux.loss_dice": 0.18496469408273697, "aux.acc_seg": 90.63421630859375, "time": 0.177895188331604, "iter": 48, "memory": 4414, "step": 48}
{"aAcc": 92.54, "mDice": 65.51, "mAcc": 61.52, "data_time": 0.009223803877830505, "time": 0.06347931921482086, "step": 2}
{"lr": 9.910407095737464e-05, "data_time": 0.00596768856048584, "loss": 0.45422460436820983, "decode.loss_ce": 0.16486964896321296, "decode.loss_dice": 0.09044228568673134, "decode.acc_seg": 94.84564208984375, "aux.loss_focal": 0.016569753643125296, "aux.loss_dice": 0.18234291523694993, "aux.acc_seg": 91.61800384521484, "time": 0.17926423549652098, "iter": 72, "memory": 4414, "step": 72}
{"aAcc": 92.6, "mDice": 66.06, "mAcc": 62.2, "data_time": 0.009394019842147827, "time": 0.06386053562164307, "step": 3}
{"lr": 9.865576580386022e-05, "data_time": 0.005883646011352539, "loss": 0.48985213339328765, "decode.loss_ce": 0.19263326078653337, "decode.loss_dice": 0.09157614633440972, "decode.acc_seg": 91.65238189697266, "aux.loss_focal": 0.021810643188655377, "aux.loss_dice": 0.18383209258317948, "aux.acc_seg": 91.69896697998047, "time": 0.17958247661590576, "iter": 96, "memory": 4414, "step": 96}
{"aAcc": 92.62, "mDice": 66.43, "mAcc": 62.74, "data_time": 0.016216248273849487, "time": 0.07078090310096741, "step": 4}
{"lr": 9.82072318638255e-05, "data_time": 0.005773115158081055, "loss": 0.44922776222229005, "decode.loss_ce": 0.16460343822836876, "decode.loss_dice": 0.08906563147902488, "decode.acc_seg": 92.40299224853516, "aux.loss_focal": 0.01724116955883801, "aux.loss_dice": 0.17831752300262452, "aux.acc_seg": 92.3033447265625, "time": 0.1800748109817505, "iter": 120, "memory": 4414, "step": 120}
{"aAcc": 92.52, "mDice": 65.6, "mAcc": 61.73, "data_time": 0.010310307145118713, "time": 0.0646752119064331, "step": 5}
{"lr": 9.775846784633759e-05, "data_time": 0.005963277816772461, "loss": 0.4266251981258392, "decode.loss_ce": 0.1484774872660637, "decode.loss_dice": 0.08815832287073136, "decode.acc_seg": 93.1775131225586, "aux.loss_focal": 0.014404072379693388, "aux.loss_dice": 0.1755853146314621, "aux.acc_seg": 93.2799072265625, "time": 0.1799525499343872, "iter": 144, "memory": 4414, "step": 144}
{"aAcc": 92.52, "mDice": 65.66, "mAcc": 61.87, "data_time": 0.009186595678329468, "time": 0.06352198123931885, "step": 6}
{"lr": 9.730947244648578e-05, "data_time": 0.0070087194442749025, "loss": 0.40996316373348235, "decode.loss_ce": 0.13429543972015381, "decode.loss_dice": 0.08692389652132988, "decode.acc_seg": 95.13935852050781, "aux.loss_focal": 0.013934861170127988, "aux.loss_dice": 0.174808968603611, "aux.acc_seg": 95.27637481689453, "time": 0.1809093713760376, "iter": 168, "memory": 4414, "step": 168}
{"aAcc": 92.5, "mDice": 65.54, "mAcc": 61.82, "data_time": 0.010764345526695251, "time": 0.06548057496547699, "step": 7}
{"lr": 9.6860244345157e-05, "data_time": 0.006037163734436035, "loss": 0.3921330600976944, "decode.loss_ce": 0.12128191888332367, "decode.loss_dice": 0.08579725697636605, "decode.acc_seg": 93.68971252441406, "aux.loss_focal": 0.012103164987638592, "aux.loss_dice": 0.17295071482658386, "aux.acc_seg": 93.93135833740234, "time": 0.1798924446105957, "iter": 192, "memory": 4414, "step": 192}
{"aAcc": 92.53, "mDice": 65.74, "mAcc": 61.92, "data_time": 0.01445239782333374, "time": 0.0688123106956482, "step": 8}
{"lr": 9.641078220880643e-05, "data_time": 0.005739617347717285, "loss": 0.38721238970756533, "decode.loss_ce": 0.1174467720091343, "decode.loss_dice": 0.08550435155630112, "decode.acc_seg": 95.06188201904297, "aux.loss_focal": 0.011598104052245617, "aux.loss_dice": 0.17266316562891007, "aux.acc_seg": 94.66353607177734, "time": 0.18002829551696778, "iter": 216, "memory": 4414, "step": 216}
{"aAcc": 92.47, "mDice": 65.43, "mAcc": 61.71, "data_time": 0.009338244795799255, "time": 0.06358900666236877, "step": 9}
{"lr": 9.596108468922322e-05, "data_time": 0.005686354637145996, "loss": 0.44037111699581144, "decode.loss_ce": 0.15638243034482002, "decode.loss_dice": 0.08928249925374984, "decode.acc_seg": 93.80829620361328, "aux.loss_focal": 0.016077046375721694, "aux.loss_dice": 0.17862915098667145, "aux.acc_seg": 93.5731201171875, "time": 0.17985599040985106, "iter": 240, "memory": 4414, "step": 240}
{"aAcc": 92.48, "mDice": 65.47, "mAcc": 61.66, "data_time": 0.009007185697555542, "time": 0.06339731812477112, "step": 10}
{"lr": 9.551115042329108e-05, "data_time": 0.006067156791687012, "loss": 0.4200584352016449, "decode.loss_ce": 0.1432505264878273, "decode.loss_dice": 0.08714496567845345, "decode.acc_seg": 95.98313903808594, "aux.loss_focal": 0.01546079684048891, "aux.loss_dice": 0.1742021456360817, "aux.acc_seg": 95.94751739501953, "time": 0.18061528205871583, "iter": 264, "memory": 4414, "step": 264}
{"aAcc": 92.53, "mDice": 66.41, "mAcc": 63.24, "data_time": 0.009441405534744263, "time": 0.0644809752702713, "step": 11}
{"lr": 9.50609780327438e-05, "data_time": 0.0058421134948730465, "loss": 0.3791911840438843, "decode.loss_ce": 0.11310019567608834, "decode.loss_dice": 0.08471865728497505, "decode.acc_seg": 94.71534729003906, "aux.loss_focal": 0.011369575746357441, "aux.loss_dice": 0.17000275552272798, "aux.acc_seg": 94.22333526611328, "time": 0.18022186756134034, "iter": 288, "memory": 4414, "step": 288}
{"aAcc": 92.48, "mDice": 65.76, "mAcc": 62.31, "data_time": 0.026596680283546448, "time": 0.08170324563980103, "step": 12}
{"lr": 9.461056612391533e-05, "data_time": 0.005790328979492188, "loss": 0.4143670290708542, "decode.loss_ce": 0.13752116709947587, "decode.loss_dice": 0.08763396069407463, "decode.acc_seg": 94.08606719970703, "aux.loss_focal": 0.01412018844857812, "aux.loss_dice": 0.1750917136669159, "aux.acc_seg": 93.96897888183594, "time": 0.18085319995880128, "iter": 312, "memory": 4414, "step": 312}
{"aAcc": 92.41, "mDice": 65.16, "mAcc": 61.39, "data_time": 0.009495064616203308, "time": 0.06468714773654938, "step": 13}
{"lr": 9.415991328748441e-05, "data_time": 0.005927920341491699, "loss": 0.3988855391740799, "decode.loss_ce": 0.12634497955441476, "decode.loss_dice": 0.086472387611866, "decode.acc_seg": 93.3947525024414, "aux.loss_focal": 0.013236197549849749, "aux.loss_dice": 0.17283197194337846, "aux.acc_seg": 93.36136627197266, "time": 0.18190548419952393, "iter": 336, "memory": 4414, "step": 336}
{"aAcc": 92.41, "mDice": 65.78, "mAcc": 62.57, "data_time": 0.008933484554290771, "time": 0.06403863430023193, "step": 14}
{"lr": 9.37090180982136e-05, "data_time": 0.00564730167388916, "loss": 0.40849254131317136, "decode.loss_ce": 0.13242343962192535, "decode.loss_dice": 0.08772798553109169, "decode.acc_seg": 96.7848129272461, "aux.loss_focal": 0.01330457185395062, "aux.loss_dice": 0.1750365436077118, "aux.acc_seg": 97.09073638916016, "time": 0.1822411060333252, "iter": 360, "memory": 4414, "step": 360}
{"aAcc": 92.42, "mDice": 65.21, "mAcc": 61.31, "data_time": 0.008871912956237793, "time": 0.0643099695444107, "step": 15}
{"lr": 9.325787911468246e-05, "data_time": 0.00635521411895752, "loss": 0.43531265258789065, "decode.loss_ce": 0.15057705640792846, "decode.loss_dice": 0.08976432904601098, "decode.acc_seg": 91.54003143310547, "aux.loss_focal": 0.016114259697496892, "aux.loss_dice": 0.1788570061326027, "aux.acc_seg": 91.77021789550781,