{"lr": 5e-05, "data_time": 0.005598926544189453, "loss": 0.4580609202384949, "decode.loss_focal": 0.02670682668685913, "decode.loss_dice": 0.4313540875911713, "decode.acc_seg": 41.94183349609375, "time": 0.17276859283447266, "iter": 36, "memory": 19183, "step": 36}
{"aAcc": 36.7, "mDice": 25.95, "mAcc": 43.79, "data_time": 0.016531340281168618, "time": 0.0722158432006836, "step": 1}
