{"lr": 0.0005, "data_time": 0.005722928047180176, "loss": 0.22928153425455094, "decode.loss_ce": 0.060936487093567845, "decode.loss_dice": 0.048691467940807344, "decode.acc_seg": 93.0267333984375, "aux.loss_ce": 0.06605657264590263, "aux.loss_dice": 0.053597002476453784, "aux.acc_seg": 91.55120849609375, "time": 0.5257641792297363, "iter": 25, "memory": 19184, "step": 25}
{"aAcc": 92.72, "mDice": 66.19, "mAcc": 61.87, "data_time": 0.020026461283365885, "time": 0.07737159729003906, "step": 1}
{"lr": 0.0004977426480017204, "data_time": 0.00566716194152832, "loss": 0.17289329394698144, "decode.loss_ce": 0.04453405700623989, "decode.loss_dice": 0.041001436114311215, "decode.acc_seg": 98.56719970703125, "aux.loss_ce": 0.04566064141690731, "aux.loss_dice": 0.04169716089963913, "aux.acc_seg": 98.2330322265625, "time": 0.16353487968444824, "iter": 50, "memory": 4416, "step": 50}
{"aAcc": 92.74, "mDice": 67.0, "mAcc": 63.74, "data_time": 0.02969278395175934, "time": 0.08372911810874939, "step": 2}
{"lr": 0.0004954841556336357, "data_time": 0.005761551856994629, "loss": 0.16716137751936913, "decode.loss_ce": 0.043293320760130885, "decode.loss_dice": 0.04055817648768425, "decode.acc_seg": 98.81439208984375, "aux.loss_ce": 0.04325228594243526, "aux.loss_dice": 0.04005759581923485, "aux.acc_seg": 98.89373779296875, "time": 0.16373832225799562, "iter": 75, "memory": 4416, "step": 75}
{"aAcc": 92.62, "mDice": 66.65, "mAcc": 64.25, "data_time": 0.00990055501461029, "time": 0.06418851017951965, "step": 3}
{"lr": 0.0004932245165265276, "data_time": 0.0064708471298217775, "loss": 0.15221217796206474, "decode.loss_ce": 0.04075719639658928, "decode.loss_dice": 0.035195866227149965, "decode.acc_seg": 98.94256591796875, "aux.loss_ce": 0.039632634818553926, "aux.loss_dice": 0.036626480519771576, "aux.acc_seg": 99.00360107421875, "time": 0.16567442417144776, "iter": 100, "memory": 4416, "step": 100}
{"aAcc": 92.66, "mDice": 66.72, "mAcc": 63.78, "data_time": 0.0273435115814209, "time": 0.08179867267608643, "step": 4}
{"lr": 0.0004909637242429183, "data_time": 0.005776548385620117, "loss": 0.2120791494846344, "decode.loss_ce": 0.06064348295331001, "decode.loss_dice": 0.05052652359008789, "decode.acc_seg": 95.8343505859375, "aux.loss_ce": 0.05460114441812038, "aux.loss_dice": 0.046307998895645144, "aux.acc_seg": 96.79107666015625, "time": 0.1655104160308838, "iter": 125, "memory": 4416, "step": 125}
{"aAcc": 92.55, "mDice": 66.77, "mAcc": 65.04, "data_time": 0.010094881057739258, "time": 0.06496801972389221, "step": 5}
{"lr": 0.0004887017722759843, "data_time": 0.005562043190002442, "loss": 0.17694950103759766, "decode.loss_ce": 0.048018453270196916, "decode.loss_dice": 0.042482462525367734, "decode.acc_seg": 98.6358642578125, "aux.loss_ce": 0.045311321318149564, "aux.loss_dice": 0.0411372609436512, "aux.acc_seg": 98.76556396484375, "time": 0.1650848150253296, "iter": 150, "memory": 4416, "step": 150}
{"aAcc": 92.64, "mDice": 66.0, "mAcc": 62.17, "data_time": 0.02655188739299774, "time": 0.08136484026908875, "step": 6}
{"lr": 0.00048643865404844844, "data_time": 0.005577588081359863, "loss": 0.17185995504260063, "decode.loss_ce": 0.04555152356624603, "decode.loss_dice": 0.042628996074199677, "decode.acc_seg": 97.59521484375, "aux.loss_ce": 0.04302455335855484, "aux.loss_dice": 0.04065488129854202, "aux.acc_seg": 98.2421875, "time": 0.16526408195495607, "iter": 175, "memory": 4416, "step": 175}
{"aAcc": 92.61, "mDice": 66.03, "mAcc": 62.47, "data_time": 0.009681150317192078, "time": 0.06419004499912262, "step": 7}
{"lr": 0.00048417436291144783, "data_time": 0.006233716011047363, "loss": 0.19438968673348428, "decode.loss_ce": 0.054145357199013235, "decode.loss_dice": 0.045208847522735594, "decode.acc_seg": 98.46649169921875, "aux.loss_ce": 0.05130327455699444, "aux.loss_dice": 0.04373220652341843, "aux.acc_seg": 98.74114990234375, "time": 0.16539337635040283, "iter": 200, "memory": 4416, "step": 200}
{"aAcc": 92.55, "mDice": 66.37, "mAcc": 64.18, "data_time": 0.01489885151386261, "time": 0.0691373199224472, "step": 8}
{"lr": 0.0004819088921433778, "data_time": 0.006291770935058593, "loss": 0.16584311947226524, "decode.loss_ce": 0.04333779811859131, "decode.loss_dice": 0.03883477672934532, "decode.acc_seg": 97.66693115234375, "aux.loss_ce": 0.04363896586000919, "aux.loss_dice": 0.04003157839179039, "aux.acc_seg": 97.55859375, "time": 0.16638810634613038, "iter": 225, "memory": 4416, "step": 225}
{"aAcc": 92.67, "mDice": 66.41, "mAcc": 62.86, "data_time": 0.009899631142616272, "time": 0.06491488218307495, "step": 9}
{"lr": 0.00047964223494871094, "data_time": 0.005720257759094238, "loss": 0.23490679115056992, "decode.loss_ce": 0.068065638653934, "decode.loss_dice": 0.05220646485686302, "decode.acc_seg": 96.86126708984375, "aux.loss_ce": 0.06431318670511246, "aux.loss_dice": 0.0503214955329895, "aux.acc_seg": 96.990966796875, "time": 0.16580820083618164, "iter": 250, "memory": 4416, "step": 250}
{"aAcc": 92.71, "mDice": 66.98, "mAcc": 63.64, "data_time": 0.02703438699245453, "time": 0.08268505334854126, "step": 10}
{"lr": 0.0004773743844567904, "data_time": 0.006438589096069336, "loss": 0.26936879605054853, "decode.loss_ce": 0.07759062647819519, "decode.loss_dice": 0.05689278021454811, "decode.acc_seg": 90.460205078125, "aux.loss_ce": 0.07707539293915033, "aux.loss_dice": 0.05780999064445495, "aux.acc_seg": 90.64788818359375, "time": 0.16752421855926514, "iter": 275, "memory": 4416, "step": 275}
{"aAcc": 92.74, "mDice": 66.8, "mAcc": 63.07, "data_time": 0.009295955300331116, "time": 0.06461386382579803, "step": 11}
{"lr": 0.0004751053337205975, "data_time": 0.00568699836730957, "loss": 0.35782153010368345, "decode.loss_ce": 0.10947101451456547, "decode.loss_dice": 0.077609221637249, "decode.acc_seg": 81.74591064453125, "aux.loss_ce": 0.09719186387956143, "aux.loss_dice": 0.07354944124817848, "aux.acc_seg": 82.67059326171875, "time": 0.16598188877105713, "iter": 300, "memory": 4416, "step": 300}
{"aAcc": 92.79, "mDice": 66.71, "mAcc": 62.75, "data_time": 0.026664599776268005, "time": 0.08158788084983826, "step": 12}
{"lr": 0.0004728350757154924, "data_time": 0.005687713623046875, "loss": 0.19817353263497353, "decode.loss_ce": 0.05122721530497074, "decode.loss_dice": 0.04399725124239921, "decode.acc_seg": 96.295166015625, "aux.loss_ce": 0.05495995003730059, "aux.loss_dice": 0.047989115864038465, "aux.acc_seg": 96.21734619140625, "time": 0.16704673767089845, "iter": 325, "memory": 4416, "step": 325}
{"aAcc": 92.64, "mDice": 66.32, "mAcc": 63.38, "data_time": 0.009504884481430054, "time": 0.06475941836833954, "step": 13}
{"lr": 0.00047056360333792645, "data_time": 0.005809283256530762, "loss": 0.16990791410207748, "decode.loss_ce": 0.04535658452659845, "decode.loss_dice": 0.03853463307023049, "decode.acc_seg": 98.41461181640625, "aux.loss_ce": 0.045969224721193316, "aux.loss_dice": 0.040047474950551984, "aux.acc_seg": 98.3856201171875, "time": 0.16768009662628175, "iter": 350, "memory": 4416, "step": 350}
{"aAcc": 92.64, "mDice": 67.02, "mAcc": 64.44, "data_time": 0.026175394654273987, "time": 0.08131490647792816, "step": 14}
{"lr": 0.0004682909094041271, "data_time": 0.0060587644577026365, "loss": 0.18054812401533127, "decode.loss_ce": 0.04899570755660534, "decode.loss_dice": 0.04194463491439819, "decode.acc_seg": 94.22149658203125, "aux.loss_ce": 0.04795916564762592, "aux.loss_dice": 0.04164861738681793, "aux.acc_seg": 94.80743408203125, "time": 0.16833641529083251, "iter": 375, "memory": 4416, "step": 375}
{"aAcc": 92.61, "mDice": 65.96, "mAcc": 62.33, "data_time": 0.009127497673034668, "time": 0.06406374275684357, "step": 15}
{"lr": 0.00046601698664875297, "data_time": 0.005556178092956543, "loss": 0.22009107917547227, "decode.loss_ce": 0.060234814323484896, "decode.loss_dice": 0.04984705299139023, "decode.acc_seg": 94.76165771484375, "aux.loss_ce": 0.05941777154803276, "aux.loss_dice": 0.05059143751859665, "aux.acc_seg": 95.1141357421875, "time": 0.1675175666809082, "iter": 400,