{"lr": 0.001, "data_time": 0.005900859832763672, "loss": 0.19136337488889693, "decode.loss_focal": 0.02568545788526535, "decode.loss_dice": 0.16567791551351546, "decode.acc_seg": 90.46207427978516, "time": 0.1759798765182495, "iter": 24, "memory": 19183, "step": 24}
{"aAcc": 89.2, "mDice": 31.43, "mAcc": 33.31, "data_time": 0.016050004959106447, "time": 0.07260268529256185, "step": 1}
{"lr": 0.0009954807722519414, "data_time": 0.006140589714050293, "loss": 0.16866846084594728, "decode.loss_focal": 0.02562891226261854, "decode.loss_dice": 0.1430395483970642, "decode.acc_seg": 88.68806457519531, "time": 0.17711753845214845, "iter": 48, "memory": 4436, "step": 48}
{"aAcc": 89.26, "mDice": 31.44, "mAcc": 33.33, "data_time": 0.009387016296386719, "time": 0.06455689668655396, "step": 2}
