{"lr": 5e-05, "data_time": 0.0059812068939208984, "loss": 0.45229553878307344, "decode.loss_focal": 0.02640174627304077, "decode.loss_dice": 0.4258937925100327, "decode.acc_seg": 48.406028747558594, "time": 0.17217936515808105, "iter": 36, "memory": 19183, "step": 36}
{"aAcc": 47.63, "mDice": 30.97, "mAcc": 44.61, "data_time": 0.015412648518880209, "time": 0.07047603925069174, "step": 1}
