{"lr": 0.0002, "data_time": 0.005852985382080078, "loss": 0.4285558760166168, "decode.loss_tversky": 0.3966907441616058, "decode.loss_dice": 0.03186513260006905, "decode.acc_seg": 97.705078125, "time": 0.1774578332901001, "iter": 24, "memory": 19183, "step": 24}
{"aAcc": 90.12, "mDice": 61.87, "mAcc": 65.3, "data_time": 0.016450818379720053, "time": 0.07257027626037597, "step": 1}
{"lr": 0.00019818999200656468, "data_time": 0.006526970863342285, "loss": 0.46440376043319703, "decode.loss_tversky": 0.4258744716644287, "decode.loss_dice": 0.038529292494058606, "decode.acc_seg": 93.13888549804688, "time": 0.1782092571258545, "iter": 48, "memory": 4437, "step": 48}
{"aAcc": 91.97, "mDice": 64.91, "mAcc": 63.57, "data_time": 0.009390085935592651, "time": 0.06439673900604248, "step": 2}
{"lr": 0.00019637813608986673, "data_time": 0.0060275554656982425, "loss": 0.4545174866914749, "decode.loss_tversky": 0.41838040947914124, "decode.loss_dice": 0.036137073487043384, "decode.acc_seg": 95.64247131347656, "time": 0.1777647018432617, "iter": 72, "memory": 4437, "step": 72}
{"aAcc": 90.11, "mDice": 57.25, "mAcc": 64.73, "data_time": 0.009179681539535522, "time": 0.06415171921253204, "step": 3}
{"lr": 0.0001945644112825302, "data_time": 0.0065811872482299805, "loss": 0.4371326595544815, "decode.loss_tversky": 0.39917353093624114, "decode.loss_dice": 0.037959127128124236, "decode.acc_seg": 95.19290924072266, "time": 0.17939651012420654, "iter": 96, "memory": 4437, "step": 96}
{"aAcc": 90.94, "mDice": 60.23, "mAcc": 57.71, "data_time": 0.025882169604301453, "time": 0.08071021735668182, "step": 4}
{"lr": 0.0001927487961582546, "data_time": 0.006338143348693847, "loss": 0.4513158917427063, "decode.loss_tversky": 0.4036745339632034, "decode.loss_dice": 0.04764135479927063, "decode.acc_seg": 95.93639373779297, "time": 0.17893481254577637, "iter": 120, "memory": 4437, "step": 120}
{"aAcc": 86.32, "mDice": 56.51, "mAcc": 64.14, "data_time": 0.00812356173992157, "time": 0.0632568746805191, "step": 5}
{"lr": 0.00019093126881683043, "data_time": 0.005928564071655274, "loss": 0.4433187931776047, "decode.loss_tversky": 0.39708642065525057, "decode.loss_dice": 0.04623236507177353, "decode.acc_seg": 92.44308471679688, "time": 0.1790255069732666, "iter": 144, "memory": 4437, "step": 144}
{"aAcc": 92.03, "mDice": 64.1, "mAcc": 61.04, "data_time": 0.008184820413589478, "time": 0.0635138750076294, "step": 6}
{"lr": 0.000189111806868501, "data_time": 0.006111049652099609, "loss": 0.4948276817798615, "decode.loss_tversky": 0.43333521783351897, "decode.loss_dice": 0.06149246096611023, "decode.acc_seg": 95.37467956542969, "time": 0.17890315055847167, "iter": 168, "memory": 4437, "step": 168}
{"aAcc": 86.61, "mDice": 54.54, "mAcc": 62.83, "data_time": 0.009338140487670898, "time": 0.0644313246011734, "step": 7}
