{"lr": 0.01, "data_time": 0.005798244476318359, "loss": 1.0988851606845855, "decode.loss_focal": 0.0980647973716259, "decode.loss_dice": 0.4551218509674072, "decode.acc_seg": 81.3995361328125, "aux.loss_focal": 0.09561590552330017, "aux.loss_dice": 0.45008263885974886, "aux.acc_seg": 81.3995361328125, "time": 0.5267566204071045, "iter": 25, "memory": 19184, "step": 25}
{"aAcc": 89.26, "mDice": 31.44, "mAcc": 33.33, "data_time": 0.016968154907226564, "time": 0.07425901095072428, "step": 1}
{"lr": 0.009954807722519414, "data_time": 0.005619239807128906, "loss": 0.9276142120361328, "decode.loss_focal": 0.08691332153975964, "decode.loss_dice": 0.38882383406162263, "decode.acc_seg": 88.99078369140625, "aux.loss_focal": 0.071116241812706, "aux.loss_dice": 0.3807608067989349, "aux.acc_seg": 88.99078369140625, "time": 0.16557536125183106, "iter": 50, "memory": 4420, "step": 50}
{"aAcc": 89.26, "mDice": 31.44, "mAcc": 33.33, "data_time": 0.03341330587863922, "time": 0.0880485475063324, "step": 2}
{"lr": 0.009909592614789622, "data_time": 0.005645871162414551, "loss": 0.8119966626167298, "decode.loss_focal": 0.05575579479336738, "decode.loss_dice": 0.35634343028068544, "decode.acc_seg": 92.9656982421875, "aux.loss_focal": 0.04853637851774693, "aux.loss_dice": 0.3513610690832138, "aux.acc_seg": 92.9656982421875, "time": 0.16457936763763428, "iter": 75, "memory": 4420, "step": 75}
{"aAcc": 89.26, "mDice": 31.44, "mAcc": 33.33, "data_time": 0.009801968932151794, "time": 0.06378945708274841, "step": 3}
{"lr": 0.009864354549298621, "data_time": 0.005946540832519531, "loss": 0.8728098392486572, "decode.loss_focal": 0.05330146700143814, "decode.loss_dice": 0.3904812842607498, "decode.acc_seg": 82.1319580078125, "aux.loss_focal": 0.04926899708807468, "aux.loss_dice": 0.37975809872150423, "aux.acc_seg": 82.1319580078125, "time": 0.16604654788970946, "iter": 100, "memory": 4420, "step": 100}
{"aAcc": 89.26, "mDice": 31.44, "mAcc": 33.33, "data_time": 0.02903313934803009, "time": 0.08333829045295715, "step": 4}
{"lr": 0.009819093397167846, "data_time": 0.006747651100158692, "loss": 0.8438333690166473, "decode.loss_focal": 0.05157112516462803, "decode.loss_dice": 0.37637804448604584, "decode.acc_seg": 80.6915283203125, "aux.loss_focal": 0.04867443386465311, "aux.loss_dice": 0.3672097593545914, "aux.acc_seg": 80.6915283203125, "time": 0.1672266721725464, "iter": 125, "memory": 4420, "step": 125}
{"aAcc": 89.26, "mDice": 31.44, "mAcc": 33.33, "data_time": 0.009723171591758728, "time": 0.0637793093919754, "step": 5}
{"lr": 0.00977380902813043, "data_time": 0.006005334854125977, "loss": 0.8199533462524414, "decode.loss_focal": 0.048975487053394315, "decode.loss_dice": 0.36216787397861483, "decode.acc_seg": 85.69488525390625, "aux.loss_focal": 0.049570098891854285, "aux.loss_dice": 0.35923990309238435, "aux.acc_seg": 85.69488525390625, "time": 0.1660090923309326, "iter": 150, "memory": 4420, "step": 150}
{"aAcc": 89.26, "mDice": 31.44, "mAcc": 33.33, "data_time": 0.015160009264945984, "time": 0.06988854706287384, "step": 6}
{"lr": 0.00972850131050902, "data_time": 0.005611419677734375, "loss": 0.7531382501125335, "decode.loss_focal": 0.04130238126963377, "decode.loss_dice": 0.338497120141983, "decode.acc_seg": 93.310546875, "aux.loss_focal": 0.03937123212963343, "aux.loss_dice": 0.3339675098657608, "aux.acc_seg": 93.310546875, "time": 0.16549623012542725, "iter": 175, "memory": 4420, "step": 175}
{"aAcc": 89.26, "mDice": 31.44, "mAcc": 33.33, "data_time": 0.010208964347839355, "time": 0.0653298944234848, "step": 7}
{"lr": 0.009683170111193117, "data_time": 0.0057411670684814455, "loss": 0.8407046020030975, "decode.loss_focal": 0.04557837825268507, "decode.loss_dice": 0.37611429393291473, "decode.acc_seg": 73.8250732421875, "aux.loss_focal": 0.0456738343462348, "aux.loss_dice": 0.3733380764722824, "aux.acc_seg": 73.8250732421875, "time": 0.1667705297470093, "iter": 200, "memory": 4420, "step": 200}
{"aAcc": 89.26, "mDice": 31.44, "mAcc": 33.33, "data_time": 0.026128262281417847, "time": 0.08085475862026215, "step": 8}
{"lr": 0.009637815295615923, "data_time": 0.00565643310546875, "loss": 0.8087855339050293, "decode.loss_focal": 0.048453770391643045, "decode.loss_dice": 0.3599605202674866, "decode.acc_seg": 87.55645751953125, "aux.loss_focal": 0.047015133500099185, "aux.loss_dice": 0.3533561199903488, "aux.acc_seg": 87.55645751953125, "time": 0.16635210514068605, "iter": 225, "memory": 4420, "step": 225}
{"aAcc": 89.26, "mDice": 31.44, "mAcc": 33.33, "data_time": 0.00949743390083313, "time": 0.06424452364444733, "step": 9}
{"lr": 0.009592436727730708, "data_time": 0.005619359016418457, "loss": 0.7593738734722137, "decode.loss_focal": 0.041491031646728516, "decode.loss_dice": 0.33918434381484985, "decode.acc_seg": 87.01934814453125, "aux.loss_focal": 0.0406575258821249, "aux.loss_dice": 0.33804096579551696, "aux.acc_seg": 87.01934814453125, "time": 0.16547255516052245, "iter": 250, "memory": 4420, "step": 250}
{"aAcc": 89.26, "mDice": 31.44, "mAcc": 33.33, "data_time": 0.026776105165481567, "time": 0.08104823529720306, "step": 10}
{"lr": 0.009547034269986647, "data_time": 0.005859732627868652, "loss": 0.6808982014656066, "decode.loss_focal": 0.034565887786448, "decode.loss_dice": 0.30712892711162565, "decode.acc_seg": 94.54193115234375, "aux.loss_focal": 0.03410681076347828, "aux.loss_dice": 0.30509657561779024, "aux.acc_seg": 94.54193115234375, "time": 0.1661905288696289, "iter": 275, "memory": 4420, "step": 275}
{"aAcc": 89.26, "mDice": 31.44, "mAcc": 33.33, "data_time": 0.009440422058105469, "time": 0.06406629085540771, "step": 11}
{"lr": 0.00950160778330415, "data_time": 0.005734682083129883, "loss": 0.7655568897724152, "decode.loss_focal": 0.040141126699745656, "decode.loss_dice": 0.34428354501724245, "decode.acc_seg": 84.70306396484375, "aux.loss_focal": 0.040386283025145533, "aux.loss_dice": 0.34074593484401705, "aux.acc_seg": 84.70306396484375, "time": 0.16708793640136718, "iter": 300, "memory": 4420, "step": 300}
{"aAcc": 89.26, "mDice": 31.44, "mAcc": 33.33, "data_time": 0.0268658846616745, "time": 0.08150370419025421, "step": 12}
{"lr": 0.00945615712704964, "data_time": 0.0056599855422973635, "loss": 0.6391828536987305, "decode.loss_focal": 0.03155107963830232, "decode.loss_dice": 0.28836089074611665, "decode.acc_seg": 98.6663818359375, "aux.loss_focal": 0.030638673715293406, "aux.loss_dice": 0.288632208108902, "aux.acc_seg": 98.6663818359375, "time": 0.1674722909927368, "iter": 325, "memory": 4420, "step": 325}
{"aAcc": 89.26, "mDice": 31.44, "mAcc": 33.33, "data_time": 0.009657219052314758, "time": 0.06453748047351837, "step": 13}
{"lr": 0.009410682159009792, "data_time": 0.0057812690734863285, "loss": 0.6398665279150009, "decode.loss_focal": 0.03222745540551841, "decode.loss_dice": 0.2892062306404114, "decode.acc_seg": 97.0428466796875, "aux.loss_focal": 0.03207375383935869, "aux.loss_dice": 0.2863590806722641, "aux.acc_seg": 97.0428466796875, "time": 0.1680079460144043, "iter": 350, "memory": 4420, "step": 350}
{"aAcc": 89.26, "mDice": 31.44, "mAcc": 33.33, "data_time": 0.014897093176841736, "time": 0.06964194774627686, "step": 14}
{"lr": 0.00936518273536519, "data_time": 0.006085920333862305, "loss": 0.7222478449344635, "decode.loss_focal": 0.03834492694586515, "decode.loss_dice": 0.32391017079353335, "decode.acc_seg": 92.2607421875, "aux.loss_focal": 0.03684001490473747, "aux.loss_dice": 0.32315275371074675, "aux.acc_seg": 92.2607421875, "time": 0.1688584566116333, "iter": 375, "memory": 4420, "step": 375}
{"aAcc": 89.26, "mDice": 31.44, "mAcc": 33.33, "data_time": 0.008795022964477539, "time": 0.06400467455387115, "step": 15}
{"lr": 0.009319658710663412, "data_time": 0.005849909782409668, "loss": 0.7835136950016022, "decode.loss_focal": 0.04527476076036692, "decode.loss_dice": 0.3455440580844879, "decode.acc_seg": 97.64556884765625, "aux.loss_focal": 0.04565486926585436, "aux.loss_dice": 0.34704003036022185, "aux.acc_seg": 97.64556884765625,