{"lr": 0.0002, "data_time": 0.006089448928833008, "loss": 0.5025808781385421, "decode.loss_tversky": 0.4535907834768295, "decode.loss_dice": 0.04899008870124817, "decode.acc_seg": 94.22340393066406, "time": 0.17734904289245607, "iter": 36, "memory": 19183, "step": 36}
{"aAcc": 91.28, "mDice": 65.46, "mAcc": 67.37, "data_time": 0.01610864003499349, "time": 0.07217903137207031, "step": 1}
{"lr": 0.00019818999200656468, "data_time": 0.005933976173400879, "loss": 0.4927405655384064, "decode.loss_tversky": 0.44570311307907107, "decode.loss_dice": 0.04703745394945145, "decode.acc_seg": 94.8446273803711, "time": 0.1778252601623535, "iter": 72, "memory": 4437, "step": 72}
{"aAcc": 91.48, "mDice": 58.2, "mAcc": 60.18, "data_time": 0.009803876280784607, "time": 0.0649019330739975, "step": 2}
{"lr": 0.00019637813608986673, "data_time": 0.006525468826293945, "loss": 0.4348526865243912, "decode.loss_tversky": 0.39607760310173035, "decode.loss_dice": 0.03877508193254471, "decode.acc_seg": 95.58067321777344, "time": 0.179091477394104, "iter": 108, "memory": 4437, "step": 108}
{"aAcc": 92.06, "mDice": 64.81, "mAcc": 62.84, "data_time": 0.010540291666984558, "time": 0.06617569923400879, "step": 3}
{"lr": 0.0001945644112825302, "data_time": 0.006178426742553711, "loss": 0.5020509093999863, "decode.loss_tversky": 0.4453674405813217, "decode.loss_dice": 0.05668347030878067, "decode.acc_seg": 92.95196533203125, "time": 0.17984163761138916, "iter": 144, "memory": 4437, "step": 144}
{"aAcc": 85.69, "mDice": 59.65, "mAcc": 69.93, "data_time": 0.008361279964447021, "time": 0.06358514726161957, "step": 4}
{"lr": 0.0001927487961582546, "data_time": 0.006206035614013672, "loss": 0.5038993239402771, "decode.loss_tversky": 0.4391566187143326, "decode.loss_dice": 0.06474270075559616, "decode.acc_seg": 92.67234802246094, "time": 0.18011338710784913, "iter": 180, "memory": 4437, "step": 180}
{"aAcc": 89.72, "mDice": 56.3, "mAcc": 60.29, "data_time": 0.008171409368515015, "time": 0.06312672793865204, "step": 5}
{"lr": 0.00019093126881683043, "data_time": 0.006781673431396485, "loss": 0.4998179852962494, "decode.loss_tversky": 0.4273565232753754, "decode.loss_dice": 0.0724614717066288, "decode.acc_seg": 93.56842041015625, "time": 0.1807781934738159, "iter": 216, "memory": 4437, "step": 216}
{"aAcc": 90.6, "mDice": 60.71, "mAcc": 58.37, "data_time": 0.009359598159790039, "time": 0.0651334673166275, "step": 6}
{"lr": 0.000189111806868501, "data_time": 0.006470489501953125, "loss": 0.5211882144212723, "decode.loss_tversky": 0.4421312898397446, "decode.loss_dice": 0.07905691936612129, "decode.acc_seg": 88.82865905761719, "time": 0.1816342830657959, "iter": 252, "memory": 4437, "step": 252}
{"aAcc": 90.25, "mDice": 51.76, "mAcc": 54.45, "data_time": 0.009241968393325806, "time": 0.06471817195415497, "step": 7}
{"lr": 0.00018729038741763397, "data_time": 0.006102752685546875, "loss": 0.5389416247606278, "decode.loss_tversky": 0.4525016248226166, "decode.loss_dice": 0.08643999099731445, "decode.acc_seg": 89.42337036132812, "time": 0.1809483766555786, "iter": 288, "memory": 4437, "step": 288}
{"aAcc": 88.9, "mDice": 50.02, "mAcc": 49.83, "data_time": 0.026272594928741455, "time": 0.08179046213626862, "step": 8}
{"lr": 0.0001854669870456652, "data_time": 0.006918954849243164, "loss": 0.5589530915021896, "decode.loss_tversky": 0.4658375054597855, "decode.loss_dice": 0.09311558827757835, "decode.acc_seg": 90.31352996826172, "time": 0.18269681930541992, "iter": 324, "memory": 4437, "step": 324}
{"aAcc": 86.95, "mDice": 50.08, "mAcc": 49.35, "data_time": 0.010143712162971497, "time": 0.06680068373680115, "step": 9}
{"lr": 0.00018364158179327324, "data_time": 0.007068347930908203, "loss": 0.5618078500032425, "decode.loss_tversky": 0.45958397090435027, "decode.loss_dice": 0.10222388803958893, "decode.acc_seg": 82.71846771240234, "time": 0.18346962928771973, "iter": 360, "memory": 4437, "step": 360}
{"aAcc": 88.67, "mDice": 47.97, "mAcc": 46.54, "data_time": 0.008496567606925964, "time": 0.064385786652565, "step": 10}
