{"lr": 0.0001, "data_time": 0.005882525444030761, "loss": 0.5228629529476165, "decode.loss_ce": 0.21361306682229042, "decode.loss_dice": 0.09431063681840897, "decode.acc_seg": 94.61520385742188, "aux.loss_focal": 0.024516585282981396, "aux.loss_dice": 0.1904226616024971, "aux.acc_seg": 94.39472961425781, "time": 0.1757511854171753, "iter": 24, "memory": 19184, "step": 24}
{"aAcc": 92.59, "mDice": 65.84, "mAcc": 61.76, "data_time": 0.01479040781656901, "time": 0.07033940951029459, "step": 1}
{"lr": 9.955214860154375e-05, "data_time": 0.006973862648010254, "loss": 0.5157452970743179, "decode.loss_ce": 0.2091001994907856, "decode.loss_dice": 0.09410674646496772, "decode.acc_seg": 94.89048767089844, "aux.loss_focal": 0.023783696442842485, "aux.loss_dice": 0.18875464498996736, "aux.acc_seg": 94.64061737060547, "time": 0.1799987554550171, "iter": 48, "memory": 4412, "step": 48}
{"aAcc": 92.53, "mDice": 65.44, "mAcc": 61.29, "data_time": 0.00949561595916748, "time": 0.06360094249248505, "step": 2}
