{"lr": 0.0002, "data_time": 0.00578005313873291, "loss": 0.12039721235632897, "decode.loss_focal": 0.034614579472690823, "decode.loss_dice": 0.08578263223171234, "decode.acc_seg": 89.00566101074219, "time": 0.17265489101409912, "iter": 24, "memory": 19183, "step": 24}
{"aAcc": 91.7, "mDice": 52.58, "mAcc": 50.27, "data_time": 0.018702379862467446, "time": 0.07574788729349773, "step": 1}
{"lr": 0.00019909977345158793, "data_time": 0.00714881420135498, "loss": 0.08610501624643803, "decode.loss_focal": 0.020439791772514582, "decode.loss_dice": 0.06566522419452667, "decode.acc_seg": 94.66705322265625, "time": 0.17519676685333252, "iter": 48, "memory": 4437, "step": 48}
{"aAcc": 91.72, "mDice": 59.42, "mAcc": 56.32, "data_time": 0.009500578045845032, "time": 0.0639585554599762, "step": 2}
{"lr": 0.00019819909212643992, "data_time": 0.005587458610534668, "loss": 0.06752795130014419, "decode.loss_focal": 0.010298778163269162, "decode.loss_dice": 0.05722917318344116, "decode.acc_seg": 90.67211151123047, "time": 0.17369346618652343, "iter": 72, "memory": 4437, "step": 72}
{"aAcc": 91.98, "mDice": 57.44, "mAcc": 52.65, "data_time": 0.00942295789718628, "time": 0.0637388676404953, "step": 3}
{"lr": 0.0001972979534845271, "data_time": 0.006113290786743164, "loss": 0.06015398837625981, "decode.loss_focal": 0.008849101606756449, "decode.loss_dice": 0.051304887235164645, "decode.acc_seg": 94.12384033203125, "time": 0.17381725311279297, "iter": 96, "memory": 4437, "step": 96}
{"aAcc": 91.72, "mDice": 61.11, "mAcc": 60.16, "data_time": 0.027514219284057617, "time": 0.08174946904182434, "step": 4}
{"lr": 0.00019639635495859875, "data_time": 0.0066864013671875, "loss": 0.06160381659865379, "decode.loss_focal": 0.01005813917145133, "decode.loss_dice": 0.051545678079128264, "decode.acc_seg": 95.22247314453125, "time": 0.17519495487213135, "iter": 120, "memory": 4437, "step": 120}
{"aAcc": 92.28, "mDice": 64.39, "mAcc": 61.19, "data_time": 0.00953836739063263, "time": 0.06402964890003204, "step": 5}
{"lr": 0.0001954942939537493, "data_time": 0.006750082969665528, "loss": 0.06703327894210816, "decode.loss_focal": 0.016459782049059866, "decode.loss_dice": 0.05057349726557732, "decode.acc_seg": 94.71778869628906, "time": 0.17610557079315187, "iter": 144, "memory": 4437, "step": 144}
{"aAcc": 91.67, "mDice": 56.16, "mAcc": 50.93, "data_time": 0.011229321360588074, "time": 0.06662704050540924, "step": 6}
{"lr": 0.0001945917678469765, "data_time": 0.006244373321533203, "loss": 0.06568067558109761, "decode.loss_focal": 0.01476070135831833, "decode.loss_dice": 0.05091997608542442, "decode.acc_seg": 95.24993896484375, "time": 0.1754078149795532, "iter": 168, "memory": 4437, "step": 168}
{"aAcc": 91.58, "mDice": 60.37, "mAcc": 56.65, "data_time": 0.01008768379688263, "time": 0.06560724973678589, "step": 7}
{"lr": 0.00019368877398672976, "data_time": 0.006468129158020019, "loss": 0.0645803838968277, "decode.loss_focal": 0.011184204183518887, "decode.loss_dice": 0.053396178781986235, "decode.acc_seg": 91.94908142089844, "time": 0.17589097023010253, "iter": 192, "memory": 4437, "step": 192}
{"aAcc": 92.23, "mDice": 61.1, "mAcc": 58.44, "data_time": 0.026926174759864807, "time": 0.08169198036193848, "step": 8}
