{"lr": 0.0005, "data_time": 0.005660390853881836, "loss": 0.19880362153053283, "decode.loss_ce": 0.05662934593856335, "decode.loss_dice": 0.048019994795322415, "decode.acc_seg": 94.0093994140625, "aux.loss_ce": 0.05066816583275795, "aux.loss_dice": 0.04348611608147621, "aux.acc_seg": 96.0052490234375, "time": 0.5319052457809448, "iter": 25, "memory": 19184, "step": 25}
