{"lr": 5e-05, "data_time": 0.005658888816833496, "loss": 0.882500410079956, "decode.loss_focal": 0.025459401495754718, "decode.loss_dice": 0.42412967681884767, "decode.acc_seg": 55.87577819824219, "aux.loss_focal": 0.024491678364574908, "aux.loss_dice": 0.40841966569423677, "aux.acc_seg": 81.88896179199219, "time": 0.18164608478546143, "iter": 36, "memory": 19184, "step": 36}
{"aAcc": 49.05, "mDice": 31.57, "mAcc": 49.83, "data_time": 0.016322517395019533, "time": 0.0715097427368164, "step": 1}
{"lr": 4.960363881981964e-05, "data_time": 0.005871343612670899, "loss": 0.8391435980796814, "decode.loss_focal": 0.022829884104430674, "decode.loss_dice": 0.4049621671438217, "decode.acc_seg": 70.57723999023438, "aux.loss_focal": 0.02203813549131155, "aux.loss_dice": 0.3893134146928787, "aux.acc_seg": 84.73033905029297, "time": 0.18091814517974852, "iter": 72, "memory": 4536, "step": 72}
{"aAcc": 63.18, "mDice": 37.49, "mAcc": 53.8, "data_time": 0.009112432599067688, "time": 0.06296929717063904, "step": 2}
{"lr": 4.920646789782768e-05, "data_time": 0.00621945858001709, "loss": 0.7936835408210754, "decode.loss_focal": 0.0203662334010005, "decode.loss_dice": 0.3846444845199585, "decode.acc_seg": 68.59664916992188, "aux.loss_focal": 0.01969799119979143, "aux.loss_dice": 0.3689748525619507, "aux.acc_seg": 87.3504638671875, "time": 0.1825861692428589, "iter": 108, "memory": 4536, "step": 108}
{"aAcc": 74.28, "mDice": 41.14, "mAcc": 51.33, "data_time": 0.008999645709991455, "time": 0.06287755072116852, "step": 3}
