{"lr": 0.0002, "data_time": 0.006139039993286133, "loss": 0.43577457666397096, "decode.loss_focal": 0.01958156768232584, "decode.loss_dice": 0.41619300842285156, "decode.acc_seg": 86.51371002197266, "time": 0.25596070289611816, "iter": 24, "memory": 19183, "step": 24}
{"aAcc": 89.0, "mDice": 32.0, "mAcc": 33.53, "data_time": 0.013688929875691732, "time": 0.07384444872538248, "step": 1}
{"lr": 0.0001994009030547653, "data_time": 0.006043434143066406, "loss": 0.4215391278266907, "decode.loss_focal": 0.017638126946985723, "decode.loss_dice": 0.4039009988307953, "decode.acc_seg": 90.73028564453125, "time": 0.25682294368743896, "iter": 48, "memory": 4731, "step": 48}
{"aAcc": 89.26, "mDice": 31.44, "mAcc": 33.33, "data_time": 0.009916514158248901, "time": 0.06939445436000824, "step": 2}
{"lr": 0.0001988016050361557, "data_time": 0.005846285820007324, "loss": 0.40453898906707764, "decode.loss_focal": 0.01566491350531578, "decode.loss_dice": 0.38887407779693606, "decode.acc_seg": 94.39125061035156, "time": 0.25598487854003904, "iter": 72, "memory": 4731, "step": 72}
{"aAcc": 89.26, "mDice": 31.44, "mAcc": 33.33, "data_time": 0.0091315358877182, "time": 0.06854704022407532, "step": 3}
{"lr": 0.00019820210519932687, "data_time": 0.006547904014587403, "loss": 0.38860903978347777, "decode.loss_focal": 0.01418603528290987, "decode.loss_dice": 0.37442300617694857, "decode.acc_seg": 94.09008026123047, "time": 0.2576531648635864, "iter": 96, "memory": 4731, "step": 96}
{"aAcc": 89.26, "mDice": 31.44, "mAcc": 33.33, "data_time": 0.030447959899902344, "time": 0.09022904932498932, "step": 4}
{"lr": 0.00019760240279414906, "data_time": 0.0063528776168823246, "loss": 0.37023910880088806, "decode.loss_focal": 0.012627719808369875, "decode.loss_dice": 0.3576113849878311, "decode.acc_seg": 88.10176849365234, "time": 0.2581674098968506, "iter": 120, "memory": 4731, "step": 120}
{"aAcc": 89.26, "mDice": 31.44, "mAcc": 33.33, "data_time": 0.01011650264263153, "time": 0.07014578580856323, "step": 5}
{"lr": 0.00019700249706515178, "data_time": 0.006289958953857422, "loss": 0.3539445251226425, "decode.loss_focal": 0.011368815880268812, "decode.loss_dice": 0.3425757080316544, "decode.acc_seg": 92.86251068115234, "time": 0.25802791118621826, "iter": 144, "memory": 4731, "step": 144}
{"aAcc": 89.26, "mDice": 31.44, "mAcc": 33.33, "data_time": 0.009986668825149536, "time": 0.06973710656166077, "step": 6}
{"lr": 0.0001964023872514673, "data_time": 0.006172990798950196, "loss": 0.33719133138656615, "decode.loss_focal": 0.010182087775319815, "decode.loss_dice": 0.32700924575328827, "decode.acc_seg": 90.0442123413086, "time": 0.2590902090072632, "iter": 168, "memory": 4731, "step": 168}
{"aAcc": 89.26, "mDice": 31.44, "mAcc": 33.33, "data_time": 0.01010487973690033, "time": 0.06985478103160858, "step": 7}
{"lr": 0.00019580207258677363, "data_time": 0.006128334999084472, "loss": 0.32165862917900084, "decode.loss_focal": 0.009375021327286959, "decode.loss_dice": 0.3122836112976074, "decode.acc_seg": 94.59362030029297, "time": 0.2598500967025757, "iter": 192, "memory": 4731, "step": 192}
{"aAcc": 89.26, "mDice": 31.44, "mAcc": 33.33, "data_time": 0.01529701054096222, "time": 0.07508346438407898, "step": 8}
{"lr": 0.0001952015522992366, "data_time": 0.0071184635162353516, "loss": 0.3072357177734375, "decode.loss_focal": 0.008587689884006978, "decode.loss_dice": 0.29864802956581116, "decode.acc_seg": 86.33975982666016, "time": 0.2601610660552979, "iter": 216, "memory": 4731, "step": 216}
{"aAcc": 89.26, "mDice": 31.44, "mAcc": 33.33, "data_time": 0.009960711002349854, "time": 0.07048104703426361, "step": 9}
{"lr": 0.00019460082561145115, "data_time": 0.006079936027526855, "loss": 0.2966866701841354, "decode.loss_focal": 0.008151026722043753, "decode.loss_dice": 0.28853564262390136, "decode.acc_seg": 88.47179412841797, "time": 0.2590921640396118, "iter": 240, "memory": 4731, "step": 240}
{"aAcc": 89.26, "mDice": 31.44, "mAcc": 33.33, "data_time": 0.009516164660453796, "time": 0.06974148750305176, "step": 10}
{"lr": 0.00019399989174038166, "data_time": 0.006709456443786621, "loss": 0.2803631842136383, "decode.loss_focal": 0.007182425586506724, "decode.loss_dice": 0.27318075895309446, "decode.acc_seg": 93.1051254272461, "time": 0.26079626083374025, "iter": 264, "memory": 4731, "step": 264}
{"aAcc": 89.26, "mDice": 31.44, "mAcc": 33.33, "data_time": 0.008994713425636292, "time": 0.06921038031578064, "step": 11}
{"lr": 0.00019339874989730162, "data_time": 0.0066463232040405275, "loss": 0.26662576496601104, "decode.loss_focal": 0.006677303183823824, "decode.loss_dice": 0.2599484622478485, "decode.acc_seg": 85.54344177246094, "time": 0.26172139644622805, "iter": 288, "memory": 4731, "step": 288}
{"aAcc": 89.26, "mDice": 31.44, "mAcc": 33.33, "data_time": 0.02695716917514801, "time": 0.08730462193489075, "step": 12}
{"lr": 0.00019279739928773244, "data_time": 0.00643467903137207, "loss": 0.2567498594522476, "decode.loss_focal": 0.006473606638610363, "decode.loss_dice": 0.2502762541174889, "decode.acc_seg": 90.0350570678711, "time": 0.2609428405761719, "iter": 312, "memory": 4731, "step": 312}
{"aAcc": 89.26, "mDice": 31.44, "mAcc": 33.33, "data_time": 0.008792519569396973, "time": 0.06930483877658844, "step": 13}
{"lr": 0.0001921958391113811, "data_time": 0.006406068801879883, "loss": 0.24751414805650712, "decode.loss_focal": 0.006236960273236036, "decode.loss_dice": 0.24127718806266785, "decode.acc_seg": 92.63248443603516, "time": 0.2618772268295288, "iter": 336, "memory": 4731, "step": 336}
{"aAcc": 89.26, "mDice": 31.44, "mAcc": 33.33, "data_time": 0.008689284324645996, "time": 0.06954143941402435, "step": 14}
{"lr": 0.00019159406856207733, "data_time": 0.005949139595031738, "loss": 0.235435751080513, "decode.loss_focal": 0.005999093316495419, "decode.loss_dice": 0.229436656832695, "decode.acc_seg": 84.79232788085938, "time": 0.26201663017272947, "iter": 360, "memory": 4731, "step": 360}
{"aAcc": 89.26, "mDice": 31.44, "mAcc": 33.33, "data_time": 0.009519755840301514, "time": 0.07022282481193542, "step": 15}
{"lr": 0.00019099208682770956, "data_time": 0.005986857414245606, "loss": 0.22481134086847304, "decode.loss_focal": 0.005531374970450998, "decode.loss_dice": 0.2192799672484398, "decode.acc_seg": 92.9616928100586, "time": 0.2619988441467285, "iter": 384, "memory": 4731, "step": 384}
{"aAcc": 89.26, "mDice": 31.44, "mAcc": 33.33, "data_time": 0.010486036539077759, "time": 0.07137750089168549, "step": 16}
{"lr": 0.00019038989309016008, "data_time": 0.005988001823425293, "loss": 0.2177802950143814, "decode.loss_focal": 0.005605401936918497, "decode.loss_dice": 0.21217489391565322, "decode.acc_seg": 92.75569915771484, "time": 0.2623058080673218, "iter": 408, "memory": 4731, "step": 408}
{"aAcc": 89.26, "mDice": 31.44, "mAcc": 33.33, "data_time": 0.008489057421684265, "time": 0.06957994401454926, "step": 17}
{"lr": 0.0001897874865252392, "data_time": 0.006150722503662109, "loss": 0.21126269549131393, "decode.loss_focal": 0.005836186232045293, "decode.loss_dice": 0.2054265096783638, "decode.acc_seg": 87.70694732666016, "time": 0.2632432222366333, "iter": 432, "memory": 4731, "step": 432}
{"aAcc": 89.26, "mDice": 31.44, "mAcc": 33.33, "data_time": 0.00847257673740387, "time": 0.06933604180812836, "step": 18}
{"lr": 0.00018918486630261855, "data_time": 0.006513333320617676, "loss": 0.2015673190355301, "decode.loss_focal": 0.005347479693591594, "decode.loss_dice": 0.19621983766555787, "decode.acc_seg": 89.55192565917969, "time": 0.26424055099487304, "iter": 456, "memory": 4731, "step": 456}
{"aAcc": 89.26, "mDice": 31.44, "mAcc": 33.33, "data_time": 0.009098336100578308, "time": 0.07019457221031189, "step": 19}
{"lr": 0.0001885820315857633, "data_time": 0.007010078430175782, "loss": 0.2004442736506462, "decode.loss_focal": 0.006283601000905037, "decode.loss_dice": 0.1941606730222702, "decode.acc_seg": 90.97881317138672, "time": 0.2651078224182129, "iter": 480, "memory": 4731,