{"lr": 0.0001, "data_time": 0.0062820672988891605, "loss": 0.04998973570764065, "decode.loss_focal": 0.013936135778203606, "decode.loss_dice": 0.03605359941720963, "decode.acc_seg": 96.27437591552734, "time": 0.17257180213928222, "iter": 36, "memory": 19183, "step": 36}
{"aAcc": 92.23, "mDice": 63.46, "mAcc": 61.29, "data_time": 0.015686972935994466, "time": 0.07026325861612956, "step": 1}
{"lr": 9.919918863596213e-05, "data_time": 0.0061152935028076175, "loss": 0.03485104776918888, "decode.loss_focal": 0.007974863261915743, "decode.loss_dice": 0.026876184344291686, "decode.acc_seg": 97.66731262207031, "time": 0.17340998649597167, "iter": 72, "memory": 4436, "step": 72}
{"aAcc": 91.07, "mDice": 53.34, "mAcc": 55.54, "data_time": 0.009229645133018494, "time": 0.06384839117527008, "step": 2}
{"lr": 9.839674126295795e-05, "data_time": 0.006145668029785156, "loss": 0.03300350289791822, "decode.loss_focal": 0.007616173080168665, "decode.loss_dice": 0.025387329608201982, "decode.acc_seg": 97.63641357421875, "time": 0.17280287742614747, "iter": 108, "memory": 4436, "step": 108}
{"aAcc": 92.51, "mDice": 64.69, "mAcc": 62.37, "data_time": 0.009282037615776062, "time": 0.06376151740550995, "step": 3}
{"lr": 9.75926376201068e-05, "data_time": 0.006811833381652832, "loss": 0.03608120772987604, "decode.loss_focal": 0.009230177523568273, "decode.loss_dice": 0.02685103043913841, "decode.acc_seg": 98.77262115478516, "time": 0.1747575044631958, "iter": 144, "memory": 4436, "step": 144}
{"aAcc": 92.9, "mDice": 67.1, "mAcc": 64.26, "data_time": 0.009489700198173523, "time": 0.0638759434223175, "step": 4}
{"lr": 9.678685698170797e-05, "data_time": 0.005978155136108399, "loss": 0.03454153938218951, "decode.loss_focal": 0.008149073622189463, "decode.loss_dice": 0.026392465829849242, "decode.acc_seg": 95.33843994140625, "time": 0.17402987480163573, "iter": 180, "memory": 4436, "step": 180}
{"aAcc": 92.79, "mDice": 67.19, "mAcc": 66.0, "data_time": 0.009020373225212097, "time": 0.06381712853908539, "step": 5}
{"lr": 9.597937814156611e-05, "data_time": 0.005824422836303711, "loss": 0.028878729790449142, "decode.loss_focal": 0.005852765403687954, "decode.loss_dice": 0.023025964200496674, "decode.acc_seg": 97.76897430419922, "time": 0.17467141151428223, "iter": 216, "memory": 4436, "step": 216}
{"aAcc": 92.62, "mDice": 65.13, "mAcc": 61.7, "data_time": 0.009270265698432922, "time": 0.06405109167098999, "step": 6}
{"lr": 9.517017939661535e-05, "data_time": 0.0064113855361938475, "loss": 0.03334030192345381, "decode.loss_focal": 0.007720819907262921, "decode.loss_dice": 0.02561948150396347, "decode.acc_seg": 97.82867431640625, "time": 0.1753375291824341, "iter": 252, "memory": 4436, "step": 252}
{"aAcc": 92.56, "mDice": 64.54, "mAcc": 60.58, "data_time": 0.009256169199943542, "time": 0.06348609924316406, "step": 7}
{"lr": 9.435923852980306e-05, "data_time": 0.006007885932922364, "loss": 0.03366377428174019, "decode.loss_focal": 0.009500485146418214, "decode.loss_dice": 0.02416328862309456, "decode.acc_seg": 95.86944580078125, "time": 0.1752537965774536, "iter": 288, "memory": 4436, "step": 288}
{"aAcc": 93.24, "mDice": 69.41, "mAcc": 67.11, "data_time": 0.031342267990112305, "time": 0.08601672947406769, "step": 8}
{"lr": 9.354653279219127e-05, "data_time": 0.0060139656066894535, "loss": 0.025750931538641452, "decode.loss_focal": 0.006035362230613827, "decode.loss_dice": 0.019715569168329238, "decode.acc_seg": 97.61981964111328, "time": 0.17589821815490722, "iter": 324, "memory": 4436, "step": 324}
{"aAcc": 92.52, "mDice": 65.39, "mAcc": 66.31, "data_time": 0.009231090545654297, "time": 0.06441141664981842, "step": 9}
{"lr": 9.27320388842311e-05, "data_time": 0.006456494331359863, "loss": 0.0297333599999547, "decode.loss_focal": 0.006287588132545352, "decode.loss_dice": 0.023445771634578706, "decode.acc_seg": 98.52104187011719, "time": 0.17709109783172608, "iter": 360, "memory": 4436, "step": 360}
{"aAcc": 92.98, "mDice": 68.18, "mAcc": 64.72, "data_time": 0.009382843971252441, "time": 0.06446154415607452, "step": 10}
{"lr": 9.19157329361621e-05, "data_time": 0.006131911277770996, "loss": 0.030470153037458658, "decode.loss_focal": 0.007505151536315679, "decode.loss_dice": 0.022965001314878462, "decode.acc_seg": 95.2667236328125, "time": 0.17678492069244384, "iter": 396, "memory": 4436, "step": 396}
{"aAcc": 92.36, "mDice": 62.79, "mAcc": 62.2, "data_time": 0.0279596745967865, "time": 0.08402903378009796, "step": 11}
{"lr": 9.109759048748565e-05, "data_time": 0.005924820899963379, "loss": 0.03154093716293573, "decode.loss_focal": 0.008114365790970624, "decode.loss_dice": 0.023426571488380434, "decode.acc_seg": 98.33641052246094, "time": 0.17722821235656738, "iter": 432, "memory": 4436, "step": 432}
{"aAcc": 92.66, "mDice": 64.68, "mAcc": 59.87, "data_time": 0.00888754427433014, "time": 0.06443759799003601, "step": 12}
{"lr": 9.027758646545742e-05, "data_time": 0.005891871452331543, "loss": 0.026718663424253462, "decode.loss_focal": 0.005549978488124907, "decode.loss_dice": 0.02116868495941162, "decode.acc_seg": 96.6339111328125, "time": 0.17708237171173097, "iter": 468, "memory": 4436, "step": 468}
{"aAcc": 92.76, "mDice": 65.47, "mAcc": 60.47, "data_time": 0.008768841624259949, "time": 0.0639074444770813, "step": 13}
{"lr": 8.94556951625402e-05, "data_time": 0.0061844587326049805, "loss": 0.03332047834992409, "decode.loss_focal": 0.008732965704984963, "decode.loss_dice": 0.024587512761354447, "decode.acc_seg": 96.90704345703125, "time": 0.1790221929550171, "iter": 504, "memory": 4436, "step": 504}
{"aAcc": 92.15, "mDice": 61.35, "mAcc": 57.08, "data_time": 0.008967235684394836, "time": 0.06478753685951233, "step": 14}
{"lr": 8.863189021275423e-05, "data_time": 0.006014084815979004, "loss": 0.025122314505279065, "decode.loss_focal": 0.00573724543210119, "decode.loss_dice": 0.019385068863630294, "decode.acc_seg": 98.17466735839844, "time": 0.17878544330596924, "iter": 540, "memory": 4436, "step": 540}
{"aAcc": 92.87, "mDice": 67.11, "mAcc": 63.9, "data_time": 0.00969359278678894, "time": 0.06596212089061737, "step": 15}
{"lr": 8.780614456685745e-05, "data_time": 0.007581472396850586, "loss": 0.029960051737725736, "decode.loss_focal": 0.007365807099267841, "decode.loss_dice": 0.022594244778156282, "decode.acc_seg": 96.1008071899414, "time": 0.18074703216552734, "iter": 576, "memory": 4436, "step": 576}
{"aAcc": 92.01, "mDice": 61.67, "mAcc": 63.1, "data_time": 0.009906560182571411, "time": 0.0661809891462326, "step": 16}
{"lr": 8.697843046628312e-05, "data_time": 0.005950760841369629, "loss": 0.02500795926898718, "decode.loss_focal": 0.00523896049708128, "decode.loss_dice": 0.0197689987719059, "decode.acc_seg": 97.45235443115234, "time": 0.17904746532440186, "iter": 612, "memory": 4436, "step": 612}
{"aAcc": 92.75, "mDice": 65.99, "mAcc": 63.72, "data_time": 0.00950711965560913, "time": 0.06540614366531372, "step": 17}
