{"lr": 0.0001, "data_time": 0.00581514835357666, "loss": 0.3673775166273117, "decode.loss_ce": 0.2671933457255363, "decode.loss_dice": 0.10018417090177537, "decode.acc_seg": 88.44019317626953, "time": 0.16995458602905272, "iter": 24, "memory": 19183, "step": 24}
{"aAcc": 92.56, "mDice": 65.67, "mAcc": 61.66, "data_time": 0.015677674611409505, "time": 0.07058280309041341, "step": 1}
{"lr": 9.955214860154375e-05, "data_time": 0.005649185180664063, "loss": 0.34658496230840685, "decode.loss_ce": 0.2490910843014717, "decode.loss_dice": 0.09749387949705124, "decode.acc_seg": 91.82601928710938, "time": 0.17029931545257568, "iter": 48, "memory": 4324, "step": 48}
{"aAcc": 92.59, "mDice": 65.84, "mAcc": 61.76, "data_time": 0.008258894085884094, "time": 0.06290808320045471, "step": 2}
{"lr": 9.910407095737464e-05, "data_time": 0.005931949615478516, "loss": 0.30541622042655947, "decode.loss_ce": 0.21178485155105592, "decode.loss_dice": 0.09363136142492294, "decode.acc_seg": 95.94477081298828, "time": 0.17049930095672608, "iter": 72, "memory": 4324, "step": 72}
{"aAcc": 92.59, "mDice": 65.96, "mAcc": 62.02, "data_time": 0.010837569832801819, "time": 0.0653841495513916, "step": 3}
{"lr": 9.865576580386022e-05, "data_time": 0.006051087379455566, "loss": 0.2661847785115242, "decode.loss_ce": 0.17460325956344605, "decode.loss_dice": 0.09158152118325233, "decode.acc_seg": 94.83891296386719, "time": 0.1711585521697998, "iter": 96, "memory": 4324, "step": 96}
{"aAcc": 92.56, "mDice": 65.84, "mAcc": 62.11, "data_time": 0.01470319926738739, "time": 0.06924684345722198, "step": 4}
{"lr": 9.82072318638255e-05, "data_time": 0.0059232950210571286, "loss": 0.2771604970097542, "decode.loss_ce": 0.1848777174949646, "decode.loss_dice": 0.09228277876973152, "decode.acc_seg": 92.90547180175781, "time": 0.17131586074829103, "iter": 120, "memory": 4324, "step": 120}
{"aAcc": 92.48, "mDice": 65.4, "mAcc": 61.71, "data_time": 0.010094374418258667, "time": 0.06517510116100311, "step": 5}
{"lr": 9.775846784633759e-05, "data_time": 0.005890202522277832, "loss": 0.23460510224103928, "decode.loss_ce": 0.14614784643054007, "decode.loss_dice": 0.08845725506544114, "decode.acc_seg": 93.90719604492188, "time": 0.17193403244018554, "iter": 144, "memory": 4324, "step": 144}
{"aAcc": 92.53, "mDice": 65.71, "mAcc": 61.83, "data_time": 0.009328842163085938, "time": 0.06427566707134247, "step": 6}
{"lr": 9.730947244648578e-05, "data_time": 0.00589146614074707, "loss": 0.2536123007535934, "decode.loss_ce": 0.16289594769477844, "decode.loss_dice": 0.09071635380387306, "decode.acc_seg": 90.46954345703125, "time": 0.17142958641052247, "iter": 168, "memory": 4324, "step": 168}
{"aAcc": 92.54, "mDice": 65.55, "mAcc": 61.37, "data_time": 0.009432867169380188, "time": 0.0645705908536911, "step": 7}
{"lr": 9.6860244345157e-05, "data_time": 0.005847406387329101, "loss": 0.20752653181552888, "decode.loss_ce": 0.12181777246296406, "decode.loss_dice": 0.08570876121520996, "decode.acc_seg": 94.86332702636719, "time": 0.1720576047897339, "iter": 192, "memory": 4324, "step": 192}
{"aAcc": 92.54, "mDice": 65.73, "mAcc": 61.91, "data_time": 0.026632890105247498, "time": 0.08173413574695587, "step": 8}
{"lr": 9.641078220880643e-05, "data_time": 0.005657386779785156, "loss": 0.22157853543758393, "decode.loss_ce": 0.13418138176202773, "decode.loss_dice": 0.08739715218544006, "decode.acc_seg": 94.67200469970703, "time": 0.17200279235839844, "iter": 216, "memory": 4324, "step": 216}
{"aAcc": 92.44, "mDice": 65.3, "mAcc": 61.73, "data_time": 0.010284841060638428, "time": 0.06532783806324005, "step": 9}
{"lr": 9.596108468922322e-05, "data_time": 0.0060982942581176754, "loss": 0.2264432355761528, "decode.loss_ce": 0.139106772467494, "decode.loss_dice": 0.08733646348118781, "decode.acc_seg": 94.2686767578125, "time": 0.17317540645599366, "iter": 240, "memory": 4324, "step": 240}
{"aAcc": 92.5, "mDice": 65.74, "mAcc": 62.1, "data_time": 0.009070679545402527, "time": 0.06438493728637695, "step": 10}
{"lr": 9.551115042329108e-05, "data_time": 0.0057783365249633786, "loss": 0.23091123551130294, "decode.loss_ce": 0.14325139969587325, "decode.loss_dice": 0.08765983954071999, "decode.acc_seg": 92.94532775878906, "time": 0.17366187572479247, "iter": 264, "memory": 4324, "step": 264}
{"aAcc": 92.5, "mDice": 65.93, "mAcc": 62.33, "data_time": 0.008920952677726746, "time": 0.06430725753307343, "step": 11}
{"lr": 9.50609780327438e-05, "data_time": 0.006883406639099121, "loss": 0.2351177915930748, "decode.loss_ce": 0.14563892185688018, "decode.loss_dice": 0.08947887271642685, "decode.acc_seg": 89.95635223388672, "time": 0.17477085590362548, "iter": 288, "memory": 4324, "step": 288}
{"aAcc": 92.49, "mDice": 65.78, "mAcc": 62.0, "data_time": 0.02676437795162201, "time": 0.08218309283256531, "step": 12}
{"lr": 9.461056612391533e-05, "data_time": 0.0057983875274658205, "loss": 0.22901324927806854, "decode.loss_ce": 0.14113422855734825, "decode.loss_dice": 0.08787902295589448, "decode.acc_seg": 95.01405334472656, "time": 0.17403950691223144, "iter": 312, "memory": 4324, "step": 312}
{"aAcc": 92.53, "mDice": 65.83, "mAcc": 62.07, "data_time": 0.009754568338394165, "time": 0.06514623761177063, "step": 13}
{"lr": 9.415991328748441e-05, "data_time": 0.005862879753112793, "loss": 0.22217440456151963, "decode.loss_ce": 0.1346084840595722, "decode.loss_dice": 0.08756591752171516, "decode.acc_seg": 93.50386810302734, "time": 0.17400193214416504, "iter": 336, "memory": 4324, "step": 336}
{"aAcc": 92.49, "mDice": 65.97, "mAcc": 62.4, "data_time": 0.010023489594459534, "time": 0.06597729027271271, "step": 14}
{"lr": 9.37090180982136e-05, "data_time": 0.005620336532592774, "loss": 0.21706455051898957, "decode.loss_ce": 0.12948836982250214, "decode.loss_dice": 0.08757617995142937, "decode.acc_seg": 95.06188201904297, "time": 0.17373487949371338, "iter": 360, "memory": 4324, "step": 360}
{"aAcc": 92.44, "mDice": 65.84, "mAcc": 62.49, "data_time": 0.010191351175308228, "time": 0.06612809002399445, "step": 15}
{"lr": 9.325787911468246e-05, "data_time": 0.005903053283691406, "loss": 0.2355101153254509, "decode.loss_ce": 0.14669924676418306, "decode.loss_dice": 0.08881086930632591, "decode.acc_seg": 90.21195220947266, "time": 0.17455997467041015, "iter": 384, "memory": 4324, "step": 384}
{"aAcc": 92.41, "mDice": 65.59, "mAcc": 62.21, "data_time": 0.009487003087997437, "time": 0.06505827605724335, "step": 16}
