{"lr": 0.0001, "data_time": 0.005754709243774414, "loss": 0.028710118681192397, "decode.loss_focal": 0.0035680858301930128, "decode.loss_dice": 0.025142032653093338, "decode.acc_seg": 99.02694702148438, "time": 0.17742042541503905, "iter": 38, "memory": 19183, "step": 38}
{"aAcc": 91.65, "mDice": 63.48, "mAcc": 62.36, "data_time": 0.015950139363606772, "time": 0.07200034459431966, "step": 1}
{"lr": 9.919918863596213e-05, "data_time": 0.005822443962097168, "loss": 0.02751509118825197, "decode.loss_focal": 0.004380872868932783, "decode.loss_dice": 0.023134218901395796, "decode.acc_seg": 97.7349624633789, "time": 0.1792546272277832, "iter": 76, "memory": 4434, "step": 76}
{"aAcc": 92.09, "mDice": 66.93, "mAcc": 67.04, "data_time": 0.009272158145904541, "time": 0.06467176973819733, "step": 2}
{"lr": 9.839674126295795e-05, "data_time": 0.005951118469238281, "loss": 0.02005335483700037, "decode.loss_focal": 0.0026436942745931445, "decode.loss_dice": 0.017409660667181016, "decode.acc_seg": 98.8019790649414, "time": 0.17993316650390626, "iter": 114, "memory": 4434, "step": 114}
{"aAcc": 92.03, "mDice": 63.19, "mAcc": 61.97, "data_time": 0.009208783507347107, "time": 0.065207839012146, "step": 3}
{"lr": 9.75926376201068e-05, "data_time": 0.0059315204620361325, "loss": 0.022077703662216664, "decode.loss_focal": 0.0026928851613774894, "decode.loss_dice": 0.019384818524122237, "decode.acc_seg": 98.65059661865234, "time": 0.17978947162628173, "iter": 152, "memory": 4434, "step": 152}
{"aAcc": 93.07, "mDice": 70.71, "mAcc": 69.45, "data_time": 0.009047836065292358, "time": 0.06510196626186371, "step": 4}
{"lr": 9.678685698170797e-05, "data_time": 0.005782437324523926, "loss": 0.023119221534579994, "decode.loss_focal": 0.0036891309078782796, "decode.loss_dice": 0.019430090487003327, "decode.acc_seg": 98.8923110961914, "time": 0.17998509407043456, "iter": 190, "memory": 4434, "step": 190}
{"aAcc": 91.89, "mDice": 68.04, "mAcc": 71.23, "data_time": 0.015408352017402649, "time": 0.07154890894889832, "step": 5}
{"lr": 9.597937814156611e-05, "data_time": 0.006184840202331543, "loss": 0.01784015242010355, "decode.loss_focal": 0.002441659290343523, "decode.loss_dice": 0.0153984934091568, "decode.acc_seg": 99.09783172607422, "time": 0.18006832599639894, "iter": 228, "memory": 4434, "step": 228}
{"aAcc": 92.13, "mDice": 66.39, "mAcc": 66.1, "data_time": 0.009187459945678711, "time": 0.06520242989063263, "step": 6}
{"lr": 9.517017939661535e-05, "data_time": 0.005567574501037597, "loss": 0.015700686350464822, "decode.loss_focal": 0.0022201400541234763, "decode.loss_dice": 0.013480546325445176, "decode.acc_seg": 96.45401763916016, "time": 0.18006498813629152, "iter": 266, "memory": 4434, "step": 266}
{"aAcc": 92.93, "mDice": 68.84, "mAcc": 67.34, "data_time": 0.010236382484436035, "time": 0.06684577465057373, "step": 7}
{"lr": 9.435923852980306e-05, "data_time": 0.005736732482910156, "loss": 0.01480836197733879, "decode.loss_focal": 0.001793597044888884, "decode.loss_dice": 0.013014765083789825, "decode.acc_seg": 99.14488983154297, "time": 0.1796191453933716, "iter": 304, "memory": 4434, "step": 304}
{"aAcc": 93.1, "mDice": 70.84, "mAcc": 69.03, "data_time": 0.01006019115447998, "time": 0.06642746925354004, "step": 8}
{"lr": 9.354653279219127e-05, "data_time": 0.005934357643127441, "loss": 0.014233689568936825, "decode.loss_focal": 0.0018656162428669631, "decode.loss_dice": 0.012368073314428329, "decode.acc_seg": 98.95614624023438, "time": 0.18003547191619873, "iter": 342, "memory": 4434, "step": 342}
{"aAcc": 92.73, "mDice": 67.48, "mAcc": 64.75, "data_time": 0.00955110788345337, "time": 0.06573393940925598, "step": 9}
